{"cameraMode":{"drawMode":0,"name":"Shaded","section":"Shading Mode"},"sceneLighting":true,"audioPlay":false,"sceneViewState":{"showFog":false,"showMaterialUpdate":false,"showSkybox":true,"showFlares":true,"showImageEffects":true,"showParticleSystems":true},"in2DMode":false,"pivot":{"x":16.772808074951173,"y":0.5241832733154297,"z":-10.625494956970215},"rotation":{"x":-0.014364640228450299,"y":0.7950740456581116,"z":-0.60606449842453,"w":-0.01884501427412033},"size":12.009902954101563,"orthographic":false}